"","Method","min_value","value_se","mean_time","time_se"
"GLASD","GLASD",88.0852769930506,17114846.0571112,0.195904881,0.0088358309093776
"fmincon:active-set","fmincon:active-set",9515.22793069129,7539.93725807652,1.79306597,0.0158134390783836
"fmincon:interior-point","fmincon:interior-point",90.469977746091,43235.8793326836,0.16470031,0.00223677473489975
"fmincon:sqp","fmincon:sqp",161.094694333764,277070.876412548,0.64612496,0.0293120814033592
"Manopt:barzilai-borwein","Manopt:barzilai-borwein",9722474792.25061,758778881.41088,0.01872344,0.000215442468975789
"Manopt:conjugate-gradient","Manopt:conjugate-gradient",1.53991880835944e-06,0.880932874376755,6.30970758,0.504756173823482
"Manopt:steepest-descent","Manopt:steepest-descent",88.0852769930703,4.36196230900579,9.89252929,0.519976265838175
"Manopt:trust-region","Manopt:trust-region",1.47462426954611e-07,1.23940769800463,44.82798512,4.03646202531219
