"","Method","min_value","value_se","mean_time","time_se"
"GLASD","GLASD",5.00081521603857e-06,0.088535783162517,0.225601092,0.0846917262055099
"fmincon:active-set","fmincon:active-set",0.000517688799869798,0.0172021703201075,0.42026633,0.016194090513337
"fmincon:interior-point","fmincon:interior-point",1.18640652857493e-10,0.0350976517472344,0.1672419,0.00163429729961698
"fmincon:sqp","fmincon:sqp",1.49894541223716e-11,0.036363802878713,0.17096754,0.00692614278249584
"Manopt:barzilai-borwein","Manopt:barzilai-borwein",3.18078896555107e-13,0.0362885091055448,12.71049931,0.148769059286747
"Manopt:conjugate-gradient","Manopt:conjugate-gradient",2.38475905689484e-13,0.0270298604520856,6.48834495,0.466158970213812
"Manopt:steepest-descent","Manopt:steepest-descent",1.14253051464175e-12,0.030272705451273,11.94987084,0.26093138632929
"Manopt:trust-region","Manopt:trust-region",8.53761505936745e-14,0.0356239484465128,56.36358031,5.90913217554976
