"","Method","min_value","value_se","mean_time","time_se"
"GLASD","GLASD",1.98991811418659,17.8403698752383,0.349141919,0.0758779083722401
"fmincon:active-set","fmincon:active-set",330.35644933472,21.1314582334148,1.98581726,0.0285147258028061
"fmincon:interior-point","fmincon:interior-point",296.496433138598,19.1200324218404,0.22809795,0.00528733703072155
"fmincon:sqp","fmincon:sqp",296.496544621295,10.1241556807714,0.57311474,0.00570348614343965
"Manopt:barzilai-borwein","Manopt:barzilai-borwein",16.4276001992506,12.7214944889643,18.89098512,0.230781245701482
"Manopt:conjugate-gradient","Manopt:conjugate-gradient",571.103117509361,15.7889147505447,14.00299075,0.536032884317901
"Manopt:steepest-descent","Manopt:steepest-descent",370.844063184657,18.5647046890769,19.16487169,0.0134482565743608
"Manopt:trust-region","Manopt:trust-region",523.344926733684,14.7356392781167,83.63652937,12.3800299267431
